TopK,RulesAvailable,RulesSelected,AvgLift,MedLift,AvgConfidence,MedConfidence,AvgSupport,MedSupport,ActivationProxyMean,ActivationProxyMed,AvgAntecedentLen,MedAntecedentLen,RuleQualityScore,TimeSec
50,2445,50,71.31557207042255,70.93752402979695,0.9038275877024384,0.9078308635666837,0.01067088396870318,0.010432273458742577,0.011821763498141059,0.011458853559735863,1.6,2.0,64.4569814700294,0.0
100,2445,100,58.415602045847784,68.83439031988027,0.8279985255663007,0.8849133703824779,0.011210254702846676,0.010709727540092116,0.01391543199600466,0.012818378558348593,1.4,1.0,48.368032364029744,0.011129617691040039
150,2445,150,48.657654609735204,41.96471493694867,0.7560735238096832,0.7862190812720848,0.011576124151452935,0.011098163253981465,0.016102695003976843,0.014899284168470119,1.28,1.0,36.78876438109697,0.00299072265625
200,2445,200,42.20957458661273,33.98116540288363,0.7271564857166892,0.7285679510363055,0.011647522335053548,0.01120914488652128,0.017116419732534263,0.015648410188113866,1.3,1.0,30.69296591999779,0.0019941329956054688
250,2445,250,37.51389115396323,29.44607843137255,0.7092871278928585,0.7048575403786825,0.01181355085733311,0.011181399478386327,0.017741745741079853,0.016314299983352754,1.4,1.0,26.60812011267989,0.002991914749145508
300,2445,300,34.1841616298611,26.07412757781232,0.6971786763721731,0.6934535951045385,0.012005808038769585,0.01120914488652128,0.018301426113978135,0.016758226513512015,1.46,1.0,23.83246855799899,0.0019953250885009766
400,2445,400,29.73211822023125,20.078673613859777,0.6805122877609436,0.6802948129606453,0.012313689584373786,0.01120914488652128,0.019295266633372176,0.018284223960934466,1.515,2.0,20.233071790028404,0.001993894577026367
500,2445,500,26.754209299517505,17.974289440612775,0.663406094592109,0.6753731343283582,0.012650796293213475,0.01120914488652128,0.020445147328117197,0.01875589589922868,1.528,2.0,17.748905505292793,0.0009970664978027344
