TopK,Avg_Lift,Min_Lift,Avg_Confidence,Avg_Support,Coverage,Sparsity,Avg_Features_Per_Customer,Best_K,Best_Silhouette,Silhouette_K5,N_Meaningful_Clusters,TradeOff_Score
50,71.31557207042255,69.03074485580201,0.9038275877024384,0.010670883968703132,0.03468502932925274,0.9719816373374139,1.4009181331293037,7,0.906185933156709,0.8457190830698729,5,0.029333791200587277
100,58.415602045847784,34.22049940191387,0.8279985255663007,0.01121025470284663,0.29609793420045905,0.9746875796990564,2.5312420300943637,2,0.6894492645607551,0.262928061287409,5,0.07785245579053349
150,48.657654609735204,26.19772880498904,0.7560735238096832,0.011576124151452889,0.49069115021678145,0.9680625690725155,4.790614639122673,2,0.5915837613364416,0.276681177638034,5,0.13576500529854055
200,42.185252374812954,20.041502523017,0.7296587542188139,0.011647522335053501,0.5682223922468758,0.9687834736036726,6.243305279265494,2,0.5589170740227284,0.22277085610675887,5,0.12658338877986705
250,42.185252374812954,20.041502523017,0.7296587542188139,0.011647522335053501,0.5682223922468758,0.9687834736036726,6.243305279265494,2,0.5589170740227284,0.22277085610675887,5,0.12658338877986705
300,42.185252374812954,20.041502523017,0.7296587542188139,0.011647522335053501,0.5682223922468758,0.9687834736036726,6.243305279265494,2,0.5589170740227284,0.22277085610675887,5,0.12658338877986705
400,42.185252374812954,20.041502523017,0.7296587542188139,0.011647522335053501,0.5682223922468758,0.9687834736036726,6.243305279265494,2,0.5589170740227284,0.22277085610675887,5,0.12658338877986705
500,42.185252374812954,20.041502523017,0.7296587542188139,0.011647522335053501,0.5682223922468758,0.9687834736036726,6.243305279265494,2,0.5589170740227284,0.22277085610675887,5,0.12658338877986705
